"","p_val","avg_log2FC","pct.1","pct.2","p_val_adj"
"Igfbp2",1.27760090961512e-126,1.4188105337843,0.953,0.598,1.80703872655962e-122
"Cldn5",2.12954539246525e-124,1.21553261912785,0.981,0.678,3.01202900310285e-120
"Epas1",1.74622111718529e-115,1.11414776620467,0.991,0.841,2.46985514814688e-111
"Tns1",1.28217211251554e-112,0.978866883306888,0.998,0.854,1.81350423594197e-108
"Inmt",6.13849326272209e-109,1.16703919200132,0.941,0.553,8.68228487079412e-105
"Pakap.1",2.12789200556004e-97,0.86989749184584,0.988,0.868,3.00969045266412e-93
"Ager",5.85730982317117e-95,0.719737325234346,1,0.949,8.28457901389331e-91
"Vegfa",1.34783954107325e-93,0.890944877356308,0.993,0.855,1.90638424689401e-89
"Ace",2.24020092402566e-93,0.973867157784158,0.92,0.605,3.16854018694189e-89
"Spock2",4.83336992870258e-91,0.928460196262997,0.913,0.549,6.83631842715693e-87
"Timp3",1.32767787343754e-89,0.793479592632224,1,0.916,1.87786758419006e-85
"Slc9a3r2",1.83011953738722e-89,0.888103421157943,0.962,0.709,2.58852107368049e-85
"Cd74",2.95634304036074e-88,-0.347718078632863,1,1,4.18145159628623e-84
"Acer2",1.28840788041022e-86,0.870112738454781,0.981,0.782,1.82232410605221e-82
"Egfl7",5.7811323065308e-85,0.846037158462022,0.965,0.753,8.17683353435717e-81
"C3",7.47850716991154e-82,-0.602591751768396,1,1,1.05776005411229e-77
"Aqp1",1.09276004253937e-81,0.900140883574536,0.908,0.614,1.54559980416769e-77
"Fmo2",1.41892948176583e-81,0.916835564419896,0.929,0.668,2.00693385900959e-77
"App",6.82539278748288e-77,0.474545253633487,1,1,9.65383555861578e-73
"Clic5",2.43328181477585e-76,0.675507617812645,0.998,0.918,3.44163379881897e-72
"Tspan7",2.28332025198201e-74,0.884134802933322,0.761,0.395,3.22952816440336e-70
"Cavin2",6.05626657190764e-74,0.875902328686846,0.775,0.44,8.56598343930617e-70
"Rasip1",2.16928418002486e-73,0.783812479062363,0.891,0.62,3.06823554422717e-69
"Cyp4b1",1.06717959181888e-66,0.784048546512181,0.9,0.608,1.50941881466862e-62
"H2-Eb1",1.04916385497122e-65,-0.451469734312999,1,1,1.4839373564713e-61
"Ppp1r14a",9.4636011682817e-63,0.736877979126696,0.908,0.676,1.33853174924176e-58
"Car4",1.43588078743458e-62,0.809296922109224,0.69,0.339,2.03090978574747e-58
"Ndst1",1.86328677761339e-60,0.647083999842587,0.978,0.842,2.63543281825637e-56
"Thbd",1.69027390012145e-58,0.766003947551223,0.676,0.34,2.39072340433178e-54
"Eng",2.07687139129356e-58,0.684658369194164,0.924,0.722,2.93752689584562e-54
"Mfap4",3.83933643206945e-58,0.700063914345318,0.922,0.713,5.43035744951903e-54
"H2-Ab1",4.08804228280257e-58,-0.470621657456244,1,1,5.78212700479596e-54
"Tmcc2",2.08425804815174e-57,0.792148341355072,0.772,0.476,2.94797458330582e-53
"Plvap",6.29672369089668e-57,0.635869570310689,0.976,0.836,8.90608598840427e-53
"H2-DMb2",1.21616905474712e-56,-0.653240138080341,0.997,0.999,1.72014951103433e-52
"Sptbn1",1.93646587773907e-55,0.601816036482732,0.971,0.861,2.73893733747414e-51
"Clec14a",1.19772635452325e-53,0.724450300507556,0.721,0.42,1.69406415583768e-49
"Adgre5",4.46776256312157e-53,0.574335893374924,0.969,0.885,6.31920336927915e-49
"Ramp2",7.49153459326377e-52,0.662093565273166,0.659,0.35,1.05960265287123e-47
"Cd93",4.38555001785825e-51,0.666340459333384,0.754,0.497,6.20292194525871e-47
"Sftpc",1.89532192749512e-50,0.458744366046379,1,1,2.6807433342491e-46
"C1qa",4.16587785102691e-50,-0.536302846929707,0.997,0.994,5.89221763249247e-46
"Cdc42bpg",5.081542464437e-50,0.657495914606191,0.792,0.567,7.1873336616997e-46
"Prx",1.38114785710128e-49,0.661232969101507,0.587,0.271,1.95349552908405e-45
"Selenop",3.7636213509833e-48,0.543541330616129,0.993,0.927,5.32326603883078e-44
"Slco2a1",7.96097148877754e-47,0.602870484520842,0.901,0.709,1.1259998073727e-42
"Psap",1.26867826880804e-46,-0.437994228843155,1,1,1.79441854340209e-42
"Jup",4.04740182247853e-46,0.552292873158302,0.964,0.847,5.72464513771364e-42
"Pcolce2",1.08159438994594e-45,0.626783356746023,0.676,0.375,1.52980710513954e-41
"Ahnak",2.00480374746498e-45,0.488445660508448,0.984,0.925,2.83559442041446e-41
"Timp2",2.18479395357893e-45,0.515756438863665,0.988,0.896,3.09017256794205e-41
"Rnf144a",3.50805403538223e-45,0.658689878472987,0.649,0.374,4.96179162764463e-41
"Gsn",1.04267853805848e-44,0.544116453223262,0.972,0.837,1.47476452422992e-40
"Tmem100",2.63158626228088e-42,0.633050863709527,0.548,0.264,3.72211560937007e-38
"Ccl8",3.49375348221648e-42,-0.646970164078723,0.393,0.716,4.94156492524698e-38
"Krt80",5.75560943331553e-42,0.609299808419557,0.635,0.352,8.14073398248149e-38
"Ly6e",1.98054379810343e-41,-0.400604015584881,1,1,2.80128114803749e-37
"Serpina3g",2.4506279688675e-41,-0.465562784079002,0.998,0.999,3.46616819916619e-37
"Cd52",4.1826975684578e-41,-0.621236697686376,0.986,0.988,5.91600744082671e-37
"Icam2",5.16557751434407e-41,0.624283847735988,0.657,0.399,7.30619283628826e-37
"Smad6",7.47672182035229e-41,0.618578212157523,0.59,0.311,1.05750753427063e-36
"Cryab",1.13600107851138e-40,0.482381921516295,0.983,0.836,1.60675992544649e-36
"Jun",8.01793819621392e-40,0.487214757157625,0.964,0.822,1.1340571784725e-35
"Cfb",2.15599090588366e-39,-0.583405578122443,0.772,0.888,3.04943353728184e-35
"Efnb2",6.55810207963106e-39,0.622953506973184,0.618,0.373,9.27577958143017e-35
"Ctss",2.59050578555895e-38,-0.510557640183666,1,1,3.66401138309458e-34
"Myct1",4.72095665993337e-38,0.557361623689422,0.548,0.287,6.67732109980976e-34
"Rack1",1.31752632614614e-37,-0.374560666364023,1,1,1.8635092357011e-33
"Kdr",5.21099392100764e-37,0.557778568272901,0.687,0.46,7.37042980187321e-33
"Pecam1",8.20985362085746e-37,0.599564697825822,0.708,0.511,1.16120169613408e-32
"Igha",2.25808593878641e-36,-1.0159924228186,1,1,3.19383675181951e-32
"Bst2",6.60743629297294e-36,-0.468265549449068,0.983,0.985,9.34555789278093e-32
"Ptprb",1.16100694774557e-35,0.551615809885382,0.574,0.315,1.64212822689134e-31
"Txn1",1.60341433816994e-35,-0.352841394525888,1,0.999,2.26786923990756e-31
"Bcam",4.77887092225456e-35,0.495123472836574,0.952,0.812,6.75923503243685e-31
"Serping1",5.24361792915942e-35,-0.481477707924585,0.877,0.936,7.41657319900308e-31
"Cyba",6.70201657578817e-35,-0.394404020006876,0.997,0.999,9.47933224479479e-31
"Mif",2.47935884117272e-34,-0.541504175610252,0.474,0.747,3.5068051449547e-30
"Sec14l3",2.76057538611338e-34,0.418896760979675,0.993,0.885,3.90455782611876e-30
"Tnfaip2",2.97508862403064e-34,-0.551448133048127,0.997,0.999,4.20796534982893e-30
"Id1",3.48199058591996e-34,0.571079554089602,0.728,0.549,4.9249274847252e-30
"Ctsb",4.68253201123629e-34,-0.502469252695025,0.997,0.993,6.62297327669261e-30
"Shank3",7.3683016900719e-34,0.555472554060192,0.642,0.407,1.04217259104377e-29
"Rgs12",1.27384820709487e-33,0.519949608765939,0.727,0.522,1.80173090411499e-29
"Psmb8",1.68638592599306e-33,-0.362336492019322,1,0.998,2.38522425372458e-29
"Igkc",3.83035319650145e-33,-0.880414966968136,1,1,5.41765156113164e-29
"Sema3g",4.00309305331459e-33,0.539326070867047,0.526,0.279,5.66197481460815e-29
"Clu",8.02284240288571e-33,-0.606249379262575,0.943,0.95,1.13475082946415e-28
"Sema3c",1.13296414513491e-32,0.573861142159015,0.514,0.271,1.60246448687881e-28
"F2r",2.13581609695426e-32,0.410375688808384,0.983,0.851,3.0208982875321e-28
"Ankrd33b",2.24225873427137e-32,0.554176182178567,0.621,0.394,3.17145075375342e-28
"Xdh",6.22246862247086e-32,0.406655397183799,0.997,0.933,8.80105961962278e-28
"Jchain",7.37246854211255e-32,-0.980077989694387,0.984,0.966,1.0427619505964e-27
"Socs1",1.04591750573132e-31,-0.459067521886629,0.888,0.934,1.47934572010638e-27
"Krt7",1.12511621119543e-31,0.379340955274487,0.998,0.937,1.59136436911482e-27
"Qk",1.63179118780558e-31,0.442786204206954,0.981,0.879,2.30800545603221e-27
"Klhl5",3.86461014552643e-31,0.473383257635887,0.834,0.68,5.46610458983259e-27
"Nbl1",7.04659157514323e-31,0.405755698944916,0.983,0.907,9.96669912388258e-27
"Klf2",7.84658729164021e-31,0.527361156671308,0.711,0.548,1.10982130652959e-26
"Tmem204",8.17471216729036e-31,0.524052962233721,0.645,0.436,1.15623128894155e-26
"Macf1",1.14275326597511e-30,0.457537050935893,0.929,0.819,1.6163102193952e-26
"Cyp1b1",2.47867601862215e-30,-0.414289215139932,0.18,0.463,3.50583936073917e-26
"Tm4sf1",3.72391449650556e-30,0.459337479446539,0.789,0.603,5.26710466385746e-26
"Ehd4",7.80952311080096e-30,0.470549486540782,0.863,0.735,1.10457894879169e-25
"BC028528",1.30334277933065e-29,0.515774089369152,0.685,0.508,1.84344802708527e-25
"Fam189a2",2.8839600872442e-29,0.466046809831685,0.898,0.729,4.07907314739819e-25
"Ctsz",2.89959364494717e-29,-0.412195549963641,0.984,0.992,4.10118525141328e-25
"Dpt",4.38027027793758e-29,-0.456458669383871,0.332,0.631,6.19545428111492e-25
"Gbp2b",4.80478385129799e-29,-0.46458371149969,1,0.99,6.79588627927587e-25
"Emp2",5.17832177938924e-29,0.405836620223647,0.983,0.858,7.32421832476815e-25
"H2-M2",8.26380885721224e-29,-0.444623785123308,0.18,0.45,1.1688331247641e-24
"Mzb1",1.04387563417449e-28,-0.629872768667276,0.412,0.684,1.47645769697639e-24
"Basp1",1.21550169054469e-28,-0.455735042423378,0.804,0.907,1.71920559110641e-24
"Ltbp4",1.22673112386453e-28,0.4429362185825,0.803,0.577,1.73508850159399e-24
"C1qc",2.03261359081894e-28,-0.419153822685707,0.689,0.868,2.87492866285431e-24
"Cxcl16",2.01743229274317e-27,-0.428171742056173,0.971,0.965,2.85345623485594e-23
"Foxf1",2.4711741737856e-27,0.498508517345624,0.484,0.27,3.49522875140236e-23
"Hspe1",5.95439176088171e-27,-0.40042279396981,0.915,0.948,8.4218917065911e-23
"Bmp6",1.14702631448869e-26,0.458968280183906,0.408,0.195,1.6223540192128e-22
"Cst7",2.79968680081276e-26,-0.507611738695559,0.32,0.584,3.95987701106957e-22
"Id3",5.32976052310749e-26,0.398534623022786,0.891,0.747,7.53841328388323e-22
"Sec11c",5.82927586709297e-26,-0.373826686854631,0.984,0.985,8.2449277864163e-22
"Myo1c",1.23405411870808e-25,0.35475413128058,0.991,0.969,1.74544614550071e-21
"Il1rn",1.87054820822968e-25,-0.754604960106469,0.659,0.775,2.64570338572005e-21
"Trac",2.15395074688999e-25,-0.442993058832427,0.265,0.533,3.0465479364012e-21
"Slc2a1",3.54460456066232e-25,-0.425782270241475,0.346,0.622,5.01348869060078e-21
"Ighj1",5.41737646121981e-25,-0.901053883553517,0.988,0.981,7.6623372667493e-21
"Cotl1",7.65319935097819e-25,-0.374074504347341,0.952,0.969,1.08246851620236e-20
"Ccdc85b",2.55278700163281e-24,0.445410576658222,0.775,0.67,3.61066193510945e-20
"Ptprc",2.85977745682462e-24,-0.404551211049017,0.99,0.992,4.04486923493275e-20
"Tgfb1i1",3.1108890028161e-24,0.403543190398111,0.792,0.688,4.4000414055831e-20
"Slc7a11",3.97647874062267e-24,-0.320620498515256,0.106,0.333,5.6243315307367e-20
"Plaat3",4.13773933108213e-24,-0.373704780277958,0.948,0.958,5.85241850988257e-20
"Calhm6",4.83088984232968e-24,-0.345975641428551,0.208,0.472,6.8328105929911e-20
"Notch4",5.91096426509291e-24,0.46984482653482,0.625,0.452,8.36046785654741e-20
"C1qb",7.7660377953474e-24,-0.400387552687209,0.498,0.748,1.09842838577394e-19
"Ighj4",9.73013154868901e-24,-0.81215864172197,0.981,0.976,1.37622980624657e-19
"Dpysl2",1.51593069052813e-23,0.362603782031231,0.875,0.738,2.14413236868299e-19
"Gimap7",2.59277430801783e-23,-0.450030239127992,0.334,0.589,3.66721998126042e-19
"Marcksl1",3.32010876209358e-23,-0.418039054465649,0.448,0.701,4.69596183310516e-19
"Ltb",3.32503116955971e-23,-0.466845855583196,0.275,0.523,4.70292408622526e-19
"Aif1",4.38724271679102e-23,-0.400250630988189,0.742,0.855,6.20531609862921e-19
"Cfp",4.63026326754173e-23,-0.418313036621633,0.522,0.75,6.54904436561102e-19
"Trbc2",4.65396988129634e-23,-0.456190800893381,0.619,0.802,6.58257500010554e-19
"Ptafr",6.89185548420374e-23,-0.390475555543983,0.298,0.554,9.74784039685776e-19
"Ptpn18",7.80915479634796e-23,-0.392599178070102,0.952,0.967,1.10452685439546e-18
"Thy1",1.35481601674556e-22,-0.35634985338714,0.211,0.451,1.91625177408491e-18
"Irf8",1.38676282704145e-22,-0.353960040241986,0.957,0.956,1.96143734256743e-18
"Pfn1",1.40575933089755e-22,-0.286859075643602,0.998,1,1.9883059976215e-18
"Sept4",1.44879273550817e-22,0.440760381822762,0.593,0.419,2.04917244510275e-18
"Cd3e",1.64061990055723e-22,-0.378500458715021,0.273,0.526,2.32049278734814e-18
"Cxcr6",1.97005938851303e-22,-0.352530367976674,0.242,0.492,2.78645199911283e-18
"Sept1",2.3708552058428e-22,-0.400711243643565,0.28,0.526,3.35333760314405e-18
"Rin3",2.6394332095461e-22,0.422901967023543,0.732,0.614,3.733214331582e-18
"Clec4e",3.58150868884652e-22,-0.309954556343311,0.109,0.321,5.06568588950451e-18
"Cyfip2",3.71263746511566e-22,-0.420670340593095,0.369,0.62,5.25115443065959e-18
"Gpx3",4.39289683465685e-22,0.408454323254064,0.855,0.736,6.21331328293865e-18
"Tapbp",4.48783664136634e-22,-0.260919440934309,1,1,6.34759614554856e-18
"Il4i1",4.76239780683933e-22,-0.373430978281114,0.209,0.451,6.73593545799354e-18
"Cxcl10",5.23264070636827e-22,-0.489363580694885,0.479,0.708,7.40104701508729e-18
"Hsd11b1",5.67038383948695e-22,0.45823642065533,0.592,0.424,8.02019090257034e-18
"Zbp1",5.97937274425142e-22,-0.356658883780892,0.919,0.947,8.45722480946921e-18
"Pgk1",6.23014820772185e-22,-0.400131597340442,0.336,0.582,8.81192162500179e-18
"Pkm",7.38493892534691e-22,-0.363419481400268,0.976,0.978,1.04452576160107e-17
"Tns3",7.54084162417998e-22,-0.375796222559095,0.531,0.77,1.06657663932402e-17
"Capg",9.22138990299281e-22,-0.393257138846839,0.46,0.706,1.3042733878793e-17
"Dusp3",9.49940687067819e-22,0.41608042143387,0.76,0.657,1.34359610778872e-17
"Tmem173",9.50012082554578e-22,-0.324771224782677,0.178,0.408,1.3436970895652e-17
"Hk2",9.73826278217598e-22,-0.36319105076539,0.244,0.492,1.37737988791097e-17
"Clec1a",1.90141289525446e-21,0.395638338020153,0.349,0.167,2.6893583990479e-17
"Fgd5",2.00365944953427e-21,0.407565403464582,0.635,0.467,2.83397592542127e-17
"Mpeg1",2.48074594788777e-21,-0.294948078726688,0.192,0.435,3.50876706869246e-17
"Kctd10",3.6680794918885e-21,0.347006596793256,0.886,0.795,5.1881316333271e-17
"Pxdc1",3.8032676574996e-21,0.459564586323699,0.67,0.538,5.37934177476743e-17
"Fasn",4.19128681205921e-21,0.39263348864366,0.875,0.769,5.92815606697654e-17
"Amotl2",4.45456485008155e-21,0.376417196897461,0.863,0.753,6.30053652395534e-17
"Hcls1",5.0199017036473e-21,-0.390321215457825,0.4,0.65,7.10014896963874e-17
"Clec4d",6.06046062591688e-21,-0.320355931237493,0.137,0.347,8.57191550929683e-17
"Lck",6.66985293540165e-21,-0.430662668506534,0.559,0.759,9.4338399918321e-17
"Ninj1",8.29602686274376e-21,-0.360648485420012,0.294,0.538,1.17339003946648e-16
"Btg1",1.16911440552469e-20,-0.36698622334991,0.317,0.572,1.65359541517412e-16
"Hyal2",1.22954383603748e-20,0.435462193565981,0.566,0.401,1.73906680169141e-16
"Nos2",1.27130469225934e-20,-0.599704861643559,0.657,0.774,1.79813335673161e-16
"Pgam1",1.33382434199121e-20,-0.384749102494581,0.734,0.85,1.88656114931237e-16
"Ptgis",1.37323305512662e-20,0.381740210860069,0.628,0.434,1.9423008331711e-16
"Rnf19b",1.40764268083177e-20,-0.342599730362318,0.92,0.942,1.99096980776846e-16
"Igf1",1.74679146468668e-20,-0.308422777272654,0.173,0.394,2.47066184765284e-16
"Pllp",1.94569511135977e-20,0.371324975260809,0.381,0.194,2.75199116550726e-16
"Abca1",2.0494424468032e-20,-0.336188440775036,0.251,0.487,2.89873139675844e-16
"Cd180",2.22543173081857e-20,-0.302073368344015,0.142,0.356,3.14765064006979e-16
"H2-DMa",2.69895143454497e-20,-0.322866657404331,0.867,0.926,3.81739690902041e-16
"Aldoa",3.24157143855141e-20,-0.294952920919531,0.993,0.993,4.58487864268712e-16
"Plbd1",3.39728702307076e-20,-0.313116740719094,0.251,0.503,4.80512276543128e-16
"H2afz",4.1704926783224e-20,-0.317954814402744,0.957,0.975,5.8987448442192e-16
"Adam8",4.32596342906227e-20,-0.368256780404195,0.22,0.439,6.11864267406567e-16
"Tspan18",5.11129713321213e-20,0.417783520487619,0.391,0.21,7.22941866521524e-16
"Sox7",5.33449870368703e-20,0.397149821873955,0.382,0.202,7.54511496649494e-16
"Tent5c",8.52246152360909e-20,-0.349653753978386,0.239,0.462,1.20541695789927e-15
"Il21r",8.71671183256708e-20,-0.414291216158046,0.36,0.593,1.23289172159829e-15
"Psmb9",9.91337897708049e-20,-0.298268117446894,0.96,0.976,1.40214832251826e-15
"Sdhb",1.03902979452649e-19,-0.332510557662703,0.346,0.595,1.46960374137826e-15
"Tagap",1.04390238004044e-19,-0.30813592242677,0.163,0.371,1.4764955263292e-15
"Cpxm1",1.34359105994843e-19,-0.312021272514225,0.189,0.41,1.90037519519107e-15
"Eef1b2",1.39913441841458e-19,-0.390802314854554,0.784,0.868,1.97893572140558e-15
"Apoe",1.48426137220788e-19,-0.370052200981315,0.853,0.902,2.09933928485083e-15
"Syngr2",2.0378091133624e-19,-0.29893763729182,0.99,0.985,2.88227720993978e-15
"Nfkbie",2.29748521182112e-19,-0.361077968837777,0.324,0.562,3.24956308359979e-15
"Spib",2.59666094727467e-19,-0.444476083548972,0.204,0.414,3.6727172438253e-15
"Iglc3",2.96863821785242e-19,-0.401756579548006,0.161,0.364,4.19884189533046e-15
"Cd3d",3.17334788357762e-19,-0.384190053471421,0.33,0.568,4.48838324653218e-15
"Hvcn1",3.97307542815784e-19,-0.401665522998944,0.46,0.671,5.61951788558645e-15
"Birc3",4.0110816044426e-19,-0.284889741161955,0.202,0.428,5.67327382132361e-15
"Cybb",5.01570469851985e-19,-0.348853469619502,0.981,0.978,7.09421272558647e-15
"Itpkb",7.56298015876667e-19,0.410857418683801,0.702,0.623,1.06970791365596e-14
"Egln3",7.79529156274175e-19,-0.266144547582992,0.119,0.315,1.10256603863419e-14
"Rassf8",8.26746873784885e-19,0.402782032462172,0.599,0.446,1.16935077828134e-14
"Psd4",9.93167120110414e-19,-0.291793902336404,0.187,0.394,1.40473557468417e-14
"Ccl22",1.1260718124991e-18,-0.31418139262022,0.106,0.29,1.59271597159872e-14
"Slpi",1.29002409882639e-18,-0.524990484585527,0.986,0.963,1.82461008538004e-14
"Col4a2",1.39527820909134e-18,0.303182703879623,0.991,0.913,1.97348149893879e-14
"Tnfrsf13c",1.7201266292231e-18,-0.458381835686284,0.145,0.336,2.43294710437315e-14
"Cat",1.94035111281542e-18,0.309591008489718,0.953,0.854,2.74443261396614e-14
"C130074G19Rik",1.98945963579706e-18,0.39688353799096,0.573,0.415,2.81389170887137e-14
"Slc11a1",2.20724501363261e-18,-0.313200032547845,0.234,0.451,3.12192734728197e-14
"Fgf1",2.2870773418893e-18,0.433676432274221,0.616,0.496,3.23484219236822e-14
"Hmox1",2.3349102208382e-18,-0.391131288964672,0.254,0.465,3.30249701635356e-14
"Lgals3bp",2.40154143473899e-18,-0.338728560558021,0.879,0.919,3.39674020529482e-14
"Fhl1",2.47160130966427e-18,0.408261495444502,0.623,0.465,3.49583289238914e-14
"Psme1",3.92238143039897e-18,-0.278235950454523,0.964,0.978,5.54781629515631e-14
"Fgl2",4.0665203891991e-18,-0.350129834178121,0.424,0.674,5.75168643848321e-14
"Sulf1",4.82158650175286e-18,-0.267486213204716,0.102,0.284,6.81965194807924e-14
"Mt1",4.96516575952364e-18,-0.393403111964613,0.49,0.706,7.02273045027024e-14
"Mt2",5.19568889482933e-18,-0.320632806572133,0.17,0.372,7.34878237284661e-14
"Ctsc",5.34232608815997e-18,-0.295989974984242,0.998,0.993,7.55618601909346e-14
"Mapt",5.41116420722257e-18,0.35939363075048,0.346,0.178,7.6535506546956e-14
"Pld4",6.43305221965866e-18,-0.330134069726943,0.526,0.753,9.09890905948521e-14
"Hist1h2bb",6.60609442977253e-18,-0.376334850994223,0.363,0.586,9.34365996147026e-14
"Pou2af1",6.85131936029765e-18,-0.545610273112107,0.431,0.637,9.690506103205e-14
"Esd",7.97409141101654e-18,-0.356199895198781,0.367,0.595,1.12785548917418e-13
"H2-Aa",9.28336591989449e-18,-0.330785684858047,0.635,0.809,1.31303927570988e-13
"Acp5",9.75077513469701e-18,-0.321803350280071,0.277,0.5,1.37914963505154e-13
"Capn2",1.01292947196715e-17,0.306912304483677,0.862,0.767,1.43268744515033e-13
"Smap2",1.17862841293769e-17,-0.298432401701931,0.211,0.421,1.66705202725907e-13
"Snx10",1.28870058826328e-17,-0.284756949686351,0.206,0.419,1.82273811203958e-13
"Vnn1",1.3858525569948e-17,-0.323436768453301,0.168,0.364,1.96014985661345e-13
"Sod2",1.53948201942104e-17,-0.352604993012831,0.988,0.985,2.17744336826912e-13
"Igtp",1.62022491124999e-17,-0.362613962840491,0.87,0.897,2.29164611447198e-13
"S100a6",2.27740842442466e-17,0.285029015565788,0.986,0.952,3.22116647550624e-13
"Iglc1",2.27786495657415e-17,-0.644541534109494,0.308,0.508,3.22181219457847e-13
"Lat",2.2952119329103e-17,-0.259238302522399,0.17,0.373,3.24634775790833e-13
"Tgfb3",2.30779694880085e-17,-0.257910379830754,0.156,0.353,3.26414800438392e-13
"Tgfbi",2.5716464095914e-17,-0.333627781804182,0.439,0.671,3.63733668172608e-13
"Ednrb",2.60236488654992e-17,0.279137494170837,0.272,0.12,3.6807848955362e-13
"Cxcl5",2.76905711140567e-17,-0.261789284546947,0.123,0.308,3.91655437837217e-13
"Clstn1",3.34804096914953e-17,0.348774458390845,0.796,0.69,4.7354691467651e-13
"Epb41l2",3.35140756458344e-17,0.337820377293232,0.865,0.783,4.74023085934682e-13
"Ptpn22",3.38169927048628e-17,-0.263502699286218,0.168,0.367,4.78307544817579e-13
"Ccl7",3.72444211616516e-17,-0.250926831423906,0.102,0.278,5.26785092910401e-13
"Spcs3",3.76213338833695e-17,-0.288880113610004,0.273,0.502,5.32116146446378e-13
"Hist2h2bb",4.3559149796998e-17,-0.384339619795578,0.903,0.93,6.1610061472874e-13
"Irf5",4.77846115712221e-17,-0.332422426442971,0.375,0.604,6.75865546063365e-13
"Cdk19",5.88893307644316e-17,0.37532973947001,0.727,0.652,8.3293069433212e-13
"Fcgr2b",5.99277563235605e-17,-0.252416896234024,0.109,0.286,8.4761818544044e-13
"Pltp",6.0814663570439e-17,0.403041162608011,0.611,0.484,8.60162601540289e-13
"Slc34a2",6.30932899057906e-17,0.291701941364636,0.939,0.804,8.92391492427502e-13
"Arhgap31",6.4864551761931e-17,0.403656340860584,0.555,0.411,9.17444220120752e-13
"Gm2a",6.55781694032289e-17,-0.326510969155603,0.696,0.828,9.2753762803927e-13
"H2-K1",7.87150978772914e-17,-0.25268809141089,0.998,0.996,1.11334634437641e-12
"B4galnt1",7.92932818968336e-17,-0.325797208110035,0.547,0.752,1.12152417914882e-12
"Unc93b1",7.97626250366101e-17,-0.282374894972393,0.983,0.982,1.12816256851781e-12
"Arhgef3",9.3850423864232e-17,0.351034289801608,0.727,0.634,1.3274203951357e-12
"Ccn2",9.83752153722017e-17,0.350176843546267,0.611,0.467,1.39141904622442e-12
"Aldh18a1",1.05213467375534e-16,-0.269980683062796,0.168,0.362,1.48813928255955e-12
"Enpp2",1.06393898711898e-16,-0.269820423042696,0.204,0.411,1.50483530338109e-12
"Rgs19",1.09049010750872e-16,-0.271295706159581,0.268,0.492,1.54238920806033e-12
"Blnk",1.23399057131763e-16,-0.340344359862221,0.215,0.416,1.74535626407165e-12
"Cd22",1.32624928652046e-16,-0.285012639818709,0.107,0.28,1.87584699085454e-12
"Pcdh1",1.3287500383962e-16,0.368323712483544,0.403,0.238,1.87938405430758e-12
"Ccr7",1.36239133718006e-16,-0.279226480313391,0.152,0.345,1.92696630730747e-12
"Arap3",1.39317102160521e-16,0.372626610375465,0.491,0.332,1.97050109295841e-12
"Serp1",1.39468534839335e-16,-0.330010334142932,0.415,0.644,1.97264295676755e-12
"Prcp",1.78747541444366e-16,-0.314897563156759,0.384,0.628,2.52820522618912e-12
"Pak1",1.79590915800331e-16,-0.260409182385616,0.182,0.378,2.54013391307988e-12
"Igfbp4",2.03071815083573e-16,-0.268348354073623,0.19,0.396,2.87224775254206e-12
"Efnb1",2.83537713017482e-16,0.405337141189933,0.554,0.415,4.01035741291926e-12
"Slirp",2.91491257911341e-16,-0.276305775266931,0.301,0.531,4.12285235189801e-12
"Irf1",2.95381433451994e-16,-0.266213683561964,0.993,0.993,4.17787499474501e-12
"Stmn2",3.01471430811444e-16,0.366806272905059,0.422,0.256,4.26401191739706e-12
"Ccl9",3.20838362208972e-16,-0.273363873322591,0.187,0.383,4.5379377950837e-12
"Tomm20",3.269955694356e-16,-0.272312906835753,0.254,0.468,4.62502533409713e-12
"Mki67",3.3878069939923e-16,-0.256264493124566,0.131,0.309,4.7917142123027e-12
"Trp53inp1",3.43921207308292e-16,-0.294936966315816,0.336,0.56,4.86442155616849e-12
"Cd14",3.61946030190213e-16,-0.359055244493618,0.32,0.538,5.11936465101037e-12
"Pglyrp1",4.42769527098354e-16,-0.504076689616611,0.32,0.519,6.26253219127912e-12
"Psma5",4.69746459417523e-16,-0.295688064957536,0.396,0.624,6.64409392200144e-12
"Prelid1",5.10607134936831e-16,-0.28471323231719,0.292,0.516,7.22202731654653e-12
"Sec61b",5.11763169257967e-16,-0.277808310017993,0.903,0.936,7.23837826598469e-12
"Arhgdib",5.15048747026614e-16,-0.371548168259785,0.92,0.934,7.28484947794442e-12
"BC035044",5.29752407229993e-16,-0.319840472269867,0.261,0.464,7.49281804786102e-12
"Rab15",6.47241895122685e-16,-0.322259192503488,0.311,0.525,9.15458936461525e-12
"Hist1h3d",8.59306780302348e-16,-0.347814255863481,0.389,0.602,1.21540351005964e-11
"Runx3",9.74592517065514e-16,-0.335269857154686,0.353,0.564,1.37846365613746e-11
"Nckap5",1.16783947733253e-15,0.339438208005125,0.542,0.386,1.65179215673913e-11
"Tifa",1.32360702341265e-15,-0.267818721197572,0.221,0.416,1.87210977391486e-11
"Hk3",1.35328069159931e-15,-0.357086121978095,0.439,0.65,1.91408021019806e-11
"Acap1",1.45571584177781e-15,-0.343180682635068,0.313,0.519,2.05896448661053e-11
"Spata13",1.45632854188829e-15,-0.254714379568533,0.246,0.459,2.0598310896468e-11
"Cdh5",1.53701761310057e-15,0.286429056413055,0.317,0.164,2.17395771196945e-11
"Atp5mpl",1.54938867191937e-15,-0.270407624418742,0.247,0.453,2.19145533756276e-11
"Ddit4",1.67439408581872e-15,-0.251591162142482,0.201,0.403,2.36826299498199e-11
"Iigp1",1.70236968244662e-15,-0.316999931674977,0.396,0.624,2.40783167885251e-11
"Mef2c",1.7836548410088e-15,-0.267348610745065,0.211,0.408,2.52280140712285e-11
"Afap1l1",1.80890230815907e-15,0.3844069807466,0.536,0.395,2.55851142466019e-11
"Irf7",1.96393568929021e-15,-0.316536081353307,0.841,0.879,2.77779063893207e-11
"Ptp4a3",2.01394422456587e-15,0.298935874510451,0.957,0.88,2.84852271122597e-11
"Trim16",2.34691049011905e-15,0.370961875727839,0.484,0.33,3.31947019722439e-11
"Rnase6",2.37457733736175e-15,-0.27659854925179,0.24,0.441,3.35860218596446e-11
"F10",2.38134547353294e-15,-0.273101595988773,0.175,0.36,3.36817503776499e-11
"Lpxn",2.58807562833236e-15,-0.261002721694484,0.176,0.364,3.66057416871329e-11
"Sox18",2.68884082693301e-15,0.381739713553163,0.495,0.352,3.80309646561405e-11
"Hist1h3b",2.75942276513506e-15,-0.27673083984295,0.196,0.381,3.90292755900703e-11
"Slc25a37",2.80556573260053e-15,-0.28801618901646,0.279,0.483,3.96819217219018e-11
"Gm4951",2.88588395938467e-15,-0.293932879159504,0.872,0.897,4.08179427215367e-11
"Ptprcap",3.02460187297756e-15,-0.343331118673692,0.26,0.457,4.27799688913946e-11
"Ighm",3.04573866809609e-15,-0.821865684910814,0.978,0.959,4.30789277215512e-11
"Hist1h1d",3.29261679503679e-15,-0.35279443793875,0.721,0.838,4.65707719490003e-11
"Lsp1",3.44427527131171e-15,-0.33609509660391,0.535,0.737,4.87158294374329e-11
"Cp",3.55961933792542e-15,-0.257781151545633,0.142,0.318,5.03472559156171e-11
"Naca",3.84025199762134e-15,-0.279580907299792,0.964,0.973,5.43165242543562e-11
"Itk",4.02750642026742e-15,-0.253790762308723,0.23,0.434,5.69650508082624e-11
"Arid5a",4.25320937468761e-15,-0.290563544977712,0.284,0.485,6.01573933955815e-11
"Fermt3",4.49019923159792e-15,-0.274126477207684,0.253,0.455,6.3509377931721e-11
"Nfkb2",4.71633872382015e-15,-0.279937936389894,0.42,0.657,6.67078949097122e-11
"Itga3",4.72421376546704e-15,0.351944900776178,0.702,0.624,6.68192794987658e-11
"Pfkl",4.7528704508037e-15,-0.292659518192953,0.356,0.573,6.72245996561675e-11
"Klhl6",5.08182735101714e-15,-0.268695220178146,0.19,0.373,7.18773660527865e-11
"Pigr",5.19153359622605e-15,-0.263350471741103,0.178,0.362,7.34290511850212e-11
"Apoc1",5.29535835252809e-15,-0.461838520394524,0.808,0.83,7.48975485381573e-11
"Eln",6.83065774904863e-15,0.289215413515882,0.747,0.612,9.66128232025438e-11
"Shmt2",6.95078420422418e-15,-0.276038178552287,0.242,0.438,9.83118917845468e-11
"Pla2g2d",7.40779864858945e-15,-0.311690771849705,0.133,0.297,1.04775904085649e-10
"Pbdc1",7.56388232817529e-15,-0.271774176609692,0.318,0.528,1.06983551649711e-10
"Cavin1",8.31061265256448e-15,0.351480458002991,0.606,0.47,1.17545305357872e-10
"Ctsh",8.40511475494886e-15,-0.324705912251105,0.87,0.893,1.18881943093997e-10
"Fam129b",8.71631830350236e-15,0.271649585218089,0.943,0.864,1.23283606084737e-10
"Col1a2",1.02260753156389e-14,-0.308903718624123,0.976,0.973,1.44637609264397e-10
"Sumo2",1.0306312833137e-14,-0.250923981611828,0.879,0.923,1.4577248871189e-10
"Tek",1.05044824671012e-14,0.295809457682461,0.289,0.148,1.4857540001468e-10
"Fcgr3",1.16717738363655e-14,-0.308376786532008,0.334,0.532,1.65085569141554e-10
"Ppt1",1.26359225043911e-14,-0.266852785538657,0.986,0.988,1.78722487902107e-10
"Ablim3",1.27153998806408e-14,0.365287344979354,0.446,0.289,1.79846615911783e-10
"Jcad",1.31742514763368e-14,0.365411178274787,0.429,0.281,1.86336612881307e-10
"Lrmp",1.66843877577835e-14,-0.266980870520159,0.227,0.426,2.3598398044609e-10
"Prex2",1.99607800983048e-14,0.339154260698748,0.445,0.295,2.82325273710423e-10
"Parvb",2.0439625265863e-14,0.395984142202271,0.507,0.376,2.89098059760366e-10
"Id2",2.28707005870959e-14,-0.269592429840607,0.256,0.45,3.23483189103884e-10
"Scnn1a",2.35556994348594e-14,0.317450063916876,0.718,0.627,3.33171812806651e-10
"Limd2",2.4605450168659e-14,-0.319323315748731,0.974,0.974,3.48019487185513e-10
"Flt1",2.61848537661461e-14,0.361892044953483,0.557,0.428,3.70358571668371e-10
"Sh3bgrl3",3.42692780888449e-14,-0.251854407061088,0.971,0.963,4.84704669288623e-10
"Il2rg",4.17357993465766e-14,-0.28388601193039,0.336,0.543,5.9031114595798e-10
"Klf4",4.20633674048945e-14,0.300253684968331,0.386,0.232,5.94944268574827e-10
"Pdzd2",4.73277281836449e-14,0.37318276191559,0.474,0.342,6.69403387429474e-10
"Kank3",4.75815208527466e-14,0.336099250745653,0.543,0.409,6.72993030941247e-10
"Mfap2",4.89566773500758e-14,0.328634922307882,0.369,0.222,6.92443244439473e-10
"Ccl5",5.80218606120911e-14,-0.325849540800636,0.903,0.925,8.20661196497417e-10
"Lmna",6.0209890344528e-14,0.2663874618055,0.941,0.895,8.51608689033005e-10
"Npr1",6.05891370837809e-14,0.327053246427625,0.407,0.262,8.56972754912998e-10
"Cdo1",6.07676795628614e-14,0.36584561364331,0.516,0.381,8.59498059737111e-10
"Ighg2b",6.30224132687568e-14,-0.475181722889232,0.242,0.418,8.91389013273296e-10
"Pxdn",8.0205831414889e-14,0.323357229075451,0.372,0.229,1.13443127953219e-09
"Adrb1",8.4606324871689e-14,0.302397734982543,0.332,0.188,1.19667185898517e-09
"Dnaaf3",1.08982482916349e-13,-0.25269491954598,0.19,0.367,1.54144823836884e-09
"Lcn2",1.09344783461329e-13,-0.499276736265156,0.86,0.844,1.54657261727703e-09
"Abhd2",1.1768768312246e-13,0.279784915404905,0.946,0.89,1.66457459008408e-09
"Mreg",1.23412077790641e-13,-0.256143506894368,0.298,0.499,1.74554042827083e-09
"AI413582",1.33958261146044e-13,-0.25240616804535,0.362,0.573,1.89470564564965e-09
"Marveld1",1.51197133116324e-13,0.322241631889692,0.704,0.619,2.13853225079729e-09
"Tle3",1.64793434610914e-13,-0.267326818219928,0.375,0.585,2.33083833913676e-09
"Coro1a",1.82972285813041e-13,-0.282137298354444,0.27,0.463,2.58796001053965e-09
"Stat1",1.90925787396074e-13,-0.289179844473758,0.599,0.768,2.70045433693007e-09
"Itgb2",2.22016960415653e-13,-0.289636107780716,0.965,0.968,3.140207888119e-09
"Ttc39b",2.45245361772775e-13,-0.261312120433466,0.301,0.494,3.46875039691412e-09
"Sash3",2.648185776387e-13,-0.302672577663467,0.311,0.5,3.74559396212177e-09
"Stk25",2.92616056867087e-13,0.25468093741443,0.971,0.918,4.13876150832808e-09
"Fcer1g",3.24540821900679e-13,-0.2773518069352,0.318,0.511,4.5903053849632e-09
"Rsu1",3.25921864195223e-13,0.27797657155546,0.822,0.768,4.60983884717723e-09
"Fmo1",3.37089934953115e-13,0.371606334849207,0.491,0.362,4.76780003997686e-09
"Mapk3",4.00929846000399e-13,0.274148701506981,0.846,0.778,5.67075174182964e-09
"Galnt18",4.15207002025243e-13,0.311623462485599,0.721,0.652,5.87268783664503e-09
"Itga1",4.25154451401993e-13,0.335544984290799,0.562,0.446,6.01338456062979e-09
"Snrnp25",4.50722220259177e-13,-0.25992043756448,0.253,0.434,6.3750150833458e-09
"Acvrl1",4.73720871172896e-13,0.342443687642909,0.422,0.287,6.70030800186944e-09
"Ralgds",4.86229019907464e-13,-0.26892242580107,0.351,0.562,6.87722325757117e-09
"Heg1",6.13462006631763e-13,0.348132623940287,0.597,0.495,8.67680662179966e-09
"Atp5l",6.52918902163466e-13,-0.269354165452544,0.4,0.606,9.23488495220006e-09
"Ier3",7.1744525777497e-13,0.306076142920884,0.725,0.639,1.01475457259692e-08
"Fkbp1a",7.46923231298379e-13,0.290703090000403,0.886,0.831,1.05644821834843e-08
"Bak1",8.35004781316897e-13,-0.253217348392335,0.336,0.535,1.18103076269462e-08
"Laptm5",9.83800215235233e-13,-0.251532861455856,0.978,0.986,1.39148702442871e-08
"Hist1h1e",1.059432193555e-12,-0.251011755103021,0.268,0.457,1.4984608945642e-08
"Dnmt3a",1.06458413501227e-12,-0.264924683925688,0.453,0.663,1.50574780056135e-08
"Edem1",1.21730659939946e-12,-0.273404395997924,0.74,0.863,1.7217584541906e-08
"Rassf4",1.25862083177298e-12,-0.285397240123137,0.609,0.774,1.78019330445971e-08
"Pdia4",1.28925443200428e-12,-0.264882333649687,0.431,0.641,1.82352146862686e-08
"Fscn1",1.5701305178706e-12,-0.34552394639961,0.413,0.601,2.22079260447617e-08
"Rab43",1.76541888832731e-12,-0.270006733502165,0.401,0.592,2.49700847565015e-08
"Gzma",1.91538632499644e-12,0.365003198869108,0.573,0.454,2.70912241807497e-08
"Gpr146",2.31931729039892e-12,0.339879979669248,0.628,0.555,3.28044237554023e-08
"Cd83",2.37889818560634e-12,-0.314790344857686,0.386,0.58,3.36471359372161e-08
"Scnn1g",3.09191298691342e-12,0.32537746683019,0.542,0.418,4.37320172869034e-08
"Ikzf3",3.60913831678426e-12,-0.420676354466031,0.5,0.665,5.10476523525966e-08
"Ptgfrn",4.38548345476186e-12,0.328918958422381,0.597,0.504,6.20282779841517e-08
"Fn1",4.43163998940439e-12,0.27084159127377,0.791,0.713,6.26811160101356e-08
"H2-T22",5.19197022665365e-12,-0.253962261829034,0.626,0.795,7.34352268857893e-08
"Scarf2",5.35574597243e-12,0.303069289094327,0.702,0.625,7.57516710340499e-08
"Cenpb",5.66219390008531e-12,0.27126191332341,0.907,0.852,8.00860705228066e-08
"Neurl3",5.7738480210259e-12,-0.262345563848741,0.317,0.502,8.16653064093903e-08
"Cd68",8.63159175833689e-12,-0.299346396185502,0.927,0.916,1.22085233829917e-07
"Hopx",9.26024528082134e-12,0.303541205345136,0.739,0.661,1.30976909251937e-07
"Bhlhe40",9.38497390479406e-12,-0.294031914212666,0.73,0.814,1.32741070909407e-07
"Col1a1",9.40255257518331e-12,-0.301172886750205,0.656,0.787,1.32989703623393e-07
"Blvrb",9.88640390507289e-12,-0.272334860391829,0.592,0.761,1.39833296833351e-07
"Cd72",1.06193876459029e-11,-0.367885635665596,0.299,0.47,1.50200618863651e-07
"Txndc5",1.06527813571147e-11,-0.258213991793913,0.448,0.656,1.5067293951503e-07
"Ccm2l",1.3566991732615e-11,0.303623995184622,0.393,0.261,1.91891531066106e-07
"Prickle2",1.42361355940268e-11,0.287623960058666,0.424,0.286,2.01355901841916e-07
"Rogdi",1.85591871721537e-11,-0.270059666033318,0.465,0.658,2.62501143362942e-07
"Sema6a",2.10265534725067e-11,0.307113412913872,0.465,0.336,2.97399572315134e-07
"Pmp22",2.27161794074245e-11,0.327670094847515,0.45,0.328,3.21297641538611e-07
"Rasal3",2.44443369270653e-11,-0.276777924018831,0.343,0.512,3.45740701496411e-07
"Ptpn12",2.46216912126406e-11,0.265805052788471,0.855,0.792,3.48249200511589e-07
"Cyyr1",2.6358935870453e-11,0.287991849825328,0.332,0.207,3.72820788951688e-07
"Npm1",2.81319864085645e-11,-0.267905077036044,0.715,0.845,3.97898815762737e-07
"Pde4b",2.97556969892352e-11,0.315962058771066,0.587,0.499,4.20864578215743e-07
"Impdh1",3.04484620877625e-11,0.30729815968249,0.448,0.321,4.30663047769313e-07
"Il18bp",3.50337613552457e-11,-0.268468952179568,0.561,0.737,4.95517520608595e-07
"Sdhd",3.74287165456029e-11,-0.252444777362278,0.472,0.668,5.29391766821007e-07
"Meis1",5.10397191244058e-11,0.315106633383602,0.441,0.317,7.21905787295596e-07
"Lcp2",7.82731720190653e-11,-0.260119619213805,0.479,0.675,1.10709574503766e-06
"Cox4i2",8.50490678877555e-11,0.29182609795535,0.412,0.289,1.20293401620441e-06
"Gns",9.18780244549814e-11,-0.254637625516657,0.739,0.833,1.29952277789126e-06
"Hist4h4",1.02868033157494e-10,-0.260974943498275,0.528,0.704,1.4549654609796e-06
"Lcp1",1.15541789267962e-10,-0.251113331885496,0.398,0.573,1.63422306740605e-06
"Grk5",1.22978418573436e-10,0.299690481343508,0.54,0.44,1.73940675230267e-06
"Kctd12",1.31179870291087e-10,-0.256141509909109,0.343,0.506,1.85540808539713e-06
"Oasl2",1.31595589396705e-10,-0.260359749777107,0.86,0.891,1.861288016427e-06
"Slc26a4",1.53687102023812e-10,-0.272228760709644,0.301,0.462,2.1737503710248e-06
"Cd79b",1.54722879592757e-10,-0.50688373396927,0.372,0.527,2.18840040895995e-06
"Serpinb9",1.56602794409008e-10,-0.273582166678349,0.369,0.537,2.21498992412101e-06
"Rtl8b",1.72540841564655e-10,0.284359250277941,0.576,0.48,2.44041766309049e-06
"Myh14",1.74755805429334e-10,0.297148314347774,0.644,0.579,2.47174611199251e-06
"Slc7a2",1.84959425785679e-10,-0.312865283024825,0.408,0.568,2.61606611831264e-06
"Ccn1",2.72464792383025e-10,0.367459041089942,0.516,0.424,3.8537420234655e-06
"Ifitm1",2.81127836811727e-10,-0.435901450359687,0.633,0.747,3.97627212386507e-06
"Mxra7",3.69533662112033e-10,0.318099540792448,0.561,0.477,5.22668411691259e-06
"Ccr6",4.14711717800396e-10,-0.336714022152161,0.239,0.389,5.8656825365688e-06
"Gm19935",4.17507709752909e-10,-0.45601763558794,0.18,0.314,5.90522904674514e-06
"Snrk",4.50445105817251e-10,0.307677673242379,0.583,0.506,6.37109557667919e-06
"Ripor1",4.86351587902733e-10,0.289388259898592,0.581,0.5,6.87895685929625e-06
"Dennd5a",6.26030812287537e-10,0.250754277352647,0.78,0.738,8.85457980899492e-06
"Sftpd",7.24745445041036e-10,-0.303459773112491,0.995,0.951,1.02507995746604e-05
"Tspan15",7.45513294976914e-10,0.302111877984666,0.623,0.554,1.05445400441535e-05
"Hist1h2bj",1.13506508316126e-09,-0.267616671086127,0.389,0.56,1.60543605362329e-05
"Cd36",1.201305047489e-09,0.266120026026469,0.621,0.547,1.69912585916844e-05
"Cd82",1.34141467981935e-09,-0.252160295070644,0.614,0.758,1.89729692313649e-05
"Cd37",1.57780262099972e-09,-0.520181246974726,0.685,0.769,2.23164402714201e-05
"Ccn5",1.73079432490891e-09,0.260424069707853,0.502,0.385,2.44803549315117e-05
"Cnp",1.87006357590949e-09,-0.28078038172358,0.529,0.688,2.64501792176638e-05
"Tmtc1",1.88739449568984e-09,0.26654565405279,0.453,0.346,2.66953077470371e-05
"Bank1",1.99204786799658e-09,-0.259145923863163,0.131,0.251,2.81755250449436e-05
"Paqr7",2.0431204708461e-09,0.276729631096933,0.555,0.476,2.88978959396472e-05
"Man1a",2.27456598596182e-09,-0.27269041042395,0.516,0.676,3.2171461305444e-05
"Naaa",2.84445602517959e-09,-0.279983174585444,0.865,0.877,4.02319860201402e-05
"Gabbr1",3.04823964463262e-09,0.259738796879214,0.763,0.712,4.31143015336838e-05
"Mprip",3.69255212128447e-09,0.259020448221362,0.614,0.549,5.22274572034476e-05
"Nes",3.72848595321984e-09,0.265332883340064,0.417,0.299,5.27357053223414e-05
"Rnf149",3.8625482016633e-09,-0.25784609323387,0.709,0.804,5.46318817643258e-05
"Ctdspl",4.59214047030047e-09,0.287924396344818,0.567,0.5,6.49512348119298e-05
"Ighd",4.76606019549404e-09,-0.330808152578842,0.22,0.353,6.74111554050677e-05
"Gucy1a1",5.17784880042386e-09,0.284927752875699,0.381,0.27,7.3235493433195e-05
"Cd24a",5.91487964744701e-09,-0.305713816991655,0.33,0.478,8.36600577334905e-05
"Fgfr3",7.33353167075313e-09,0.303630537203377,0.452,0.355,0.000103725471951132
"Prelp",9.95528217429938e-09,0.264542371239537,0.474,0.363,0.00014080751107329
"Cds2",9.97316133367062e-09,0.265576703865204,0.742,0.713,0.000141060393903437
"Plxna1",1.09350612407144e-08,0.259324212260597,0.704,0.676,0.000154665506188665
"Esam",2.17609100580697e-08,0.25421539085468,0.479,0.375,0.000307786311861338
"Zbtb4",2.2372172144209e-08,0.287902097949298,0.592,0.532,0.000316432002807692
"Dock9",2.89582141786355e-08,0.307567732011823,0.528,0.465,0.00040958498134262
"Tmem252",3.28333076733559e-08,0.275951378781079,0.403,0.303,0.000464394303731945
"Acta2",3.29714719519153e-08,-0.306797531207701,0.17,0.286,0.00046634849928789
"H2-Ob",6.01512687295924e-08,-0.379300480600288,0.702,0.78,0.000850779544911355
"Creg1",6.27143489874267e-08,-0.25251883045983,0.559,0.703,0.000887031752078164
"Cd19",8.72816717982329e-08,-0.370442915035861,0.272,0.392,0.00123451196591421
"Cmtm4",1.19502450235291e-07,0.265716978408515,0.472,0.383,0.00169024265612795
"Gng11",1.30006738860275e-07,0.274326919209199,0.483,0.402,0.00183881531443973
"Cd79a",1.37300910549156e-07,-0.551720122232587,0.628,0.714,0.00194198407880726
"Tspan8",4.11418207973927e-07,0.274709897678946,0.519,0.456,0.00581909913358322
"S1pr1",4.50247629842352e-07,0.252483428281474,0.381,0.289,0.00636830247649022
"Pink1",5.34037857956304e-07,0.254654550271673,0.555,0.493,0.00755343146293396
"Nipa1",7.69240211927296e-07,0.264718295499618,0.401,0.317,0.0108801335574997
"Mtcl1",8.72094940865947e-07,0.250100655137119,0.372,0.284,0.012334910843608
"Retnla",1.83127116907273e-06,-0.717218019846946,0.304,0.399,0.0259014994153647
"Ankrd40",2.14200188352828e-06,0.251398520319704,0.521,0.47,0.030296474640624
"Ushbp1",7.71367026299571e-06,0.259562589956083,0.417,0.349,0.109102152199811
"Lgals3",5.15800754404821e-05,-0.258563058211843,0.998,0.979,0.729548587030179
"Gabrp",0.000728494769631099,-0.287649568340489,0.254,0.328,1
"Ighg3",0.0052656394124519,-0.826616287647083,0.408,0.489,1
